first_name,last_name,email,password,birthday
Федір,Височан,tkalchenko@example.com,XNfyoEUtBdmqzOvrfHKsjnQ,2002-09-10
Антон,Негода,trokhym02@example.org,RErIXyOkUe,1997-09-20
Лесь,Онищенко,prymachenkozlatoslava@example.net,aYmZDkEoskDBDVtPfSxRMNMEi,2002-12-10
Марія,Забарний,uvatamaniuk@example.org,tMAaGDxFxmBJQHG,1997-09-15
Трохим,Савенко,valentyna36@example.org,wKNpkEoTuqs,2003-08-11
Семен,Левченко,khrystynaartemenko@example.net,MVYNHFPKyGBtjOXAsG,2001-09-22
Алла,Христич,demyd85@example.org,wteVItixMM,2002-06-10
Мар'яна,Корж,kyrylolahoda@example.org,hZjfRgRNuVPymkrOIGDbNrT,2004-01-04
Варфоломій,Єрьоменко,orysia11@example.org,pDiORIUOgLLMnBSJINLpc,1998-06-06
Альберт,Колодуб,demian65@example.com,ieVVDhydkRacFlCUP,2004-11-13
Ганна,Гоголь,illia13@example.net,nHAHxVTQSEcfqiUhRHFjIo,2002-11-05
Алевтин,Охримович,giashchuk@example.com,UbaTrcTsoHEbdOzFtjdF,1999-08-23
Дмитро,Симоненко,oksanamamchur@example.net,qmWTxrnLaxpszerSrL,2003-11-02
Володимира,Ємець,edyta24@example.net,hWtGvatYPdtvz,1998-06-01
Одарка,Давимука,terezatkachenko@example.org,uzRaoVMCNXHEtA,2003-01-05
Веніямин,Деркач,larysakhrystenko@example.net,RXMfMjyrROhXvLEQaUjRhI,1999-08-27
Тарас,Андрощук,marusia21@example.org,BdQkunCSCQrTftIvewkXaojK,2004-09-12
Тарас,Петлюра,shcherbakvioletta@example.org,zrsJCAVpyrHkmc,2002-04-28
Христина,Рудько,lbevz@example.com,KKZtsfaAZtK,2003-07-03
Гліб,Затовканюк,odarka65@example.net,jzuWcRJzgLEBFShHcfamRYf,1997-05-05
